<?xml version="1.0" encoding="UTF-8"?>
<beans xmlns="http://www.springframework.org/schema/beans"
	xmlns:xsi="http://www.w3.org/2001/XMLSchema-instance"
	xmlns:mvc="http://www.springframework.org/schema/mvc"
	xmlns:p="http://www.springframework.org/schema/p"
	xmlns:context="http://www.springframework.org/schema/context"
	xsi:schemaLocation="http://www.springframework.org/schema/mvc http://www.springframework.org/schema/mvc/spring-mvc-4.3.xsd
		http://www.springframework.org/schema/beans http://www.springframework.org/schema/beans/spring-beans.xsd
		http://www.springframework.org/schema/context http://www.springframework.org/schema/context/spring-context-4.3.xsd">
	<mvc:annotation-driven />
	<context:component-scan
		base-package="com.pack.controller" />
	<mvc:resources mapping="/css/**" location="/WEB-INF/css/" />
	<bean
		class="org.springframework.web.servlet.view.InternalResourceViewResolver"
		p:prefix="WEB-INF/jsp/" p:suffix=".jsp" />

	<bean name="loginDao" class="com.pack.dao.LoginDaoImpl" />

	<bean name="loginService" class="com.pack.service.LoginServiceImpl" autowire="byType"/>
	
	<bean name="registerDao" class="com.pack.dao.RegisterDaoImpl" />

	<bean name="registerService" class="com.pack.service.RegisterServiceImpl" autowire="byType"/>
	
	<bean name="userDao" class="com.pack.dao.UserDaoImpl" />

	<bean name="userService" class="com.pack.service.UserServiceImpl" autowire="byType"/>
	
	<bean name="productDao" class="com.pack.dao.ProductDaoImpl" />

	<bean name="productService" class="com.pack.service.ProductServiceImpl" autowire="byType"/>

</beans>
